task,maml_acc,lin_acc
ACB,0.9774647712707519,0.977083396911621
MXL,1.0,1.0
PEL,0.9698196411132812,0.9835294723510742
