task,maml_acc,lin_acc
ACB,0.9887323379516602,0.9864583969116211
MXL,0.997560977935791,0.9859375
PEL,0.954158878326416,0.9694118499755859
