task,maml_acc,lin_acc
ACB,0.9697453585537997,0.9717802567915483
MXL,0.9647644736550071,0.9676136363636364
PEL,0.9394282947887074,0.9484494295987216
