task,maml_acc,lin_acc
ACB,0.9924882253011068,0.9840277989705404
MXL,0.9968236287434896,0.9875
PEL,0.9694392522176106,0.979607899983724
