task,maml_acc,lin_acc
ACB,0.9787098884582519,0.9755208969116211
MXL,0.9976177215576172,0.9875
PEL,0.928803539276123,0.9394118309020996
