task,maml_acc,lin_acc
ACB,0.9829679107666016,0.9791667175292968
MXL,0.9980941772460937,0.9875
PEL,0.9334811401367188,0.9454118347167969
