task,maml_acc,lin_acc
ACB,0.9844362258911132,0.9802083969116211
MXL,0.9984118143717448,0.9848958333333333
PEL,0.9210414886474609,0.9341177622477214
