task,maml_acc,lin_acc
ACB,0.9788572038922991,0.9767858232770648
MXL,0.9878278459821429,0.9785714285714285
PEL,0.932321275983538,0.9425211225237166
