task,maml_acc,lin_acc
ACB,0.9719662666320801,0.9726563453674316
MXL,0.9863731384277343,0.97890625
PEL,0.9243086814880371,0.9385295867919922
