task,maml_acc,lin_acc
ACB,0.9741332160101996,0.9747685750325521
MXL,0.9827952067057292,0.9774305555555556
PEL,0.9282537672254775,0.9401309543185764
