task,maml_acc,lin_acc
ACB,0.9667198944091797,0.9691666412353516
MXL,0.9750870513916016,0.974375
PEL,0.9347504425048828,0.9456472778320313
